{"cameraMode":{"drawMode":0,"name":"Shaded","section":"Shading Mode"},"sceneLighting":true,"audioPlay":false,"sceneViewState":{"showFog":true,"showMaterialUpdate":false,"showSkybox":true,"showFlares":true,"showImageEffects":true,"showParticleSystems":true},"in2DMode":false,"pivot":{"x":124.52400970458985,"y":-114.14361572265625,"z":254.65933227539063},"rotation":{"x":-0.41966354846954348,"y":-0.051150206476449969,"z":0.02369573898613453,"w":-0.9059309363365173},"size":489.3158874511719,"orthographic":false}