{"cameraMode":{"drawMode":0,"name":"Shaded","section":"Shading Mode"},"sceneLighting":true,"audioPlay":false,"sceneViewState":{"showFog":true,"showMaterialUpdate":false,"showSkybox":true,"showFlares":true,"showImageEffects":true,"showParticleSystems":true},"in2DMode":false,"pivot":{"x":107.39029693603516,"y":32.64734649658203,"z":62.34321975708008},"rotation":{"x":0.03629233315587044,"y":0.9430510401725769,"z":-0.10970545560121536,"w":0.31198012828826907},"size":7.0576934814453129,"orthographic":false}