{"cameraMode":{"drawMode":0,"name":"Shaded","section":"Shading Mode"},"sceneLighting":true,"audioPlay":false,"sceneViewState":{"showFog":true,"showMaterialUpdate":false,"showSkybox":true,"showFlares":true,"showImageEffects":true,"showParticleSystems":true},"in2DMode":false,"pivot":{"x":2.500246047973633,"y":-0.8059005737304688,"z":1.0977516174316407},"rotation":{"x":-0.19102412462234498,"y":0.5224252939224243,"z":-0.12139073759317398,"w":-0.8220993876457214},"size":9.274609565734864,"orthographic":false}