{"cameraMode":{"drawMode":0,"name":"Shaded","section":"Shading Mode"},"sceneLighting":false,"audioPlay":false,"sceneViewState":{"showFog":true,"showMaterialUpdate":false,"showSkybox":false,"showFlares":true,"showImageEffects":true,"showParticleSystems":true},"in2DMode":false,"pivot":{"x":1.1920928955078126e-7,"y":2.315000057220459,"z":-2.384185791015625e-7},"rotation":{"x":-0.08447965234518051,"y":0.6675276160240173,"z":-0.0766376480460167,"w":-0.7358044981956482},"size":2.712789297103882,"orthographic":false}