{"cameraMode":{"drawMode":0,"name":"Shaded","section":"Shading Mode"},"sceneLighting":false,"audioPlay":false,"sceneViewState":{"showFog":true,"showMaterialUpdate":false,"showSkybox":false,"showFlares":true,"showImageEffects":true,"showParticleSystems":true},"in2DMode":false,"pivot":{"x":3.2307677268981935,"y":2.2898125648498537,"z":0.576556921005249},"rotation":{"x":0.014894439838826657,"y":0.833743155002594,"z":-0.022516321390867235,"w":0.5514973402023315},"size":3.7488644123077394,"orthographic":false}