{"cameraMode":{"drawMode":0,"name":"Shaded","section":"Shading Mode"},"sceneLighting":false,"audioPlay":false,"sceneViewState":{"showFog":true,"showMaterialUpdate":false,"showSkybox":false,"showFlares":true,"showImageEffects":true,"showParticleSystems":true},"in2DMode":false,"pivot":{"x":0.05522489547729492,"y":0.4380265474319458,"z":0.19596362113952638},"rotation":{"x":0.017944036051630975,"y":0.49745604395866396,"z":0.010296919383108616,"w":-0.8672499060630798},"size":2.32639479637146,"orthographic":false}