{"cameraMode":{"drawMode":0,"name":"Shaded","section":"Shading Mode"},"sceneLighting":false,"audioPlay":false,"sceneViewState":{"showFog":true,"showMaterialUpdate":false,"showSkybox":false,"showFlares":true,"showImageEffects":true,"showParticleSystems":true},"in2DMode":false,"pivot":{"x":-0.2034912109375,"y":-0.0352935791015625,"z":0.0773468017578125},"rotation":{"x":0.04578704759478569,"y":-0.6699618697166443,"z":0.04146445915102959,"w":0.7398356795310974},"size":0.7240621447563171,"orthographic":true}