{"cameraMode":{"drawMode":0,"name":"Shaded","section":"Shading Mode"},"sceneLighting":false,"audioPlay":false,"sceneViewState":{"showFog":true,"showMaterialUpdate":false,"showSkybox":false,"showFlares":true,"showImageEffects":true,"showParticleSystems":true},"in2DMode":false,"pivot":{"x":305.1898498535156,"y":2.1510140895843508,"z":295.2932434082031},"rotation":{"x":0.05062481015920639,"y":-0.6936168074607849,"z":0.04898114129900932,"w":0.7168925404548645},"size":2.8856263160705568,"orthographic":false}