{"cameraMode":{"drawMode":0,"name":"Shaded","section":"Shading Mode"},"sceneLighting":true,"audioPlay":false,"sceneViewState":{"showFog":true,"showMaterialUpdate":false,"showSkybox":true,"showFlares":true,"showImageEffects":true,"showParticleSystems":true},"in2DMode":false,"pivot":{"x":864.7454223632813,"y":78.199462890625,"z":698.5919189453125},"rotation":{"x":0.01635163091123104,"y":0.9819368720054627,"z":-0.15928027033805848,"w":0.10080501437187195},"size":1171.64794921875,"orthographic":false}