{"cameraMode":{"drawMode":0,"name":"Shaded","section":"Shading Mode"},"sceneLighting":true,"audioPlay":false,"sceneViewState":{"showFog":true,"showMaterialUpdate":false,"showSkybox":true,"showFlares":true,"showImageEffects":true,"showParticleSystems":true},"in2DMode":false,"pivot":{"x":91.56159973144531,"y":54.624366760253909,"z":759.955078125},"rotation":{"x":0.0806068405508995,"y":-0.8616933226585388,"z":0.1448104977607727,"w":0.47961854934692385},"size":5.718114376068115,"orthographic":false}