{"cameraMode":{"drawMode":0,"name":"Shaded","section":"Shading Mode"},"sceneLighting":false,"audioPlay":false,"sceneViewState":{"showFog":true,"showMaterialUpdate":false,"showSkybox":false,"showFlares":true,"showImageEffects":true,"showParticleSystems":true},"in2DMode":false,"pivot":{"x":305.1016540527344,"y":10.404173851013184,"z":293.8193359375},"rotation":{"x":0.07749225944280625,"y":-0.6453521847724915,"z":0.06605377793312073,"w":0.7570787668228149},"size":2.3408315181732179,"orthographic":false}